"","chi2","Z","P","P.adj","Comparison","otu_short","N","r","r2"
"1",35.2387637690736,-4.75568231608815,9.88886387620086e-07,1.48332958143013e-06,"BreastOnly - NoSolidFood","Bifidobacterium_2",177,-0.357458972333095,0.127776916901432
"2",35.2387637690736,-5.24927956461477,7.63475979896062e-08,2.29042793968819e-07,"BreastOnly - SolidFood","Bifidobacterium_2",236,-0.341698994975545,0.116758203167298
"3",35.2387637690736,0.40471847901398,0.342842228705334,0.342842228705334,"NoSolidFood - SolidFood","Bifidobacterium_2",185,0.0297554943602644,0.000885389444623726
