"","chi2","Z","P","P.adj","Comparison","otu_short","N","r","r2"
"1",26.9566383282674,0.709622870327149,0.238969016677497,0.238969016677497,"BreastOnly - NoSolidFood","Bifidobacterium_1",177,0.0533385211861368,0.00284499784232397
"2",26.9566383282674,4.95043882307701,3.70231655543772e-07,1.11069496663131e-06,"BreastOnly - SolidFood","Bifidobacterium_1",236,0.322246119626794,0.103842561614526
"3",26.9566383282674,3.43848537606952,0.000292489066474145,0.000438733599711218,"NoSolidFood - SolidFood","Bifidobacterium_1",185,0.252802472634204,0.0639090901699674
