"","Df","SumsOfSqs","MeanSqs","F.Model","R2","Pr(>F)"
"ID",1,84.5470837336172,84.5470837336172,589.899547990417,0.295555730038799,0.001
"Residuals",1406,201.514308892803,0.143324544020486,NA,0.704444269961201,NA
"Total",1407,286.06139262642,NA,NA,1,NA
